diagnosis,radius_mean,texture_mean,perimeter_mean,area_mean,smoothness_mean,compactness_mean,concavity_mean,concave points_mean,symmetry_mean,fractal_dimension_mean,radius_se,texture_se,perimeter_se,area_se,smoothness_se,compactness_se,concavity_se,concave points_se,symmetry_se,fractal_dimension_se,radius_worst,texture_worst,perimeter_worst,area_worst,smoothness_worst,compactness_worst,concavity_worst,concave points_worst,symmetry_worst,fractal_dimension_worst
M,17.99,10.38,122.8,1001.0,0.1184,0.2776,0.3001,0.1471,0.2419,0.07871,1.095,0.9053,8.589,153.4,0.006399,0.04904,0.05373,0.01587,0.03003,0.006193,25.38,17.33,184.6,2019.0,0.1622,0.6656,0.7119,0.2654,0.4601,0.1189
M,20.57,17.77,132.9,1326.0,0.08474,0.07864,0.0869,0.07017,0.1812,0.05667,0.5435,0.7339,3.398,74.08,0.005225,0.01308,0.0186,0.0134,0.01389,0.003532,24.99,23.41,158.8,1956.0,0.1238,0.1866,0.2416,0.186,0.275,0.08902
M,19.69,21.25,130.0,1203.0,0.1096,0.1599,0.1974,0.1279,0.2069,0.05999,0.7456,0.7869,4.585,94.03,0.00615,0.04006,0.03832,0.02058,0.0225,0.004571,23.57,25.53,152.5,1709.0,0.1444,0.4245,0.4504,0.243,0.3613,0.08758
M,11.42,20.38,77.58,386.1,0.1425,0.2839,0.2414,0.1052,0.2597,0.09744,0.4956,1.156,3.445,27.23,0.00911,0.07458,0.05661,0.01867,0.05963,0.009208,14.91,26.5,98.87,567.7,0.2098,0.8663,0.6869,0.2575,0.6638,0.173
M,20.29,14.34,135.1,1297.0,0.1003,0.1328,0.198,0.1043,0.1809,0.05883,0.7572,0.7813,5.438,94.44,0.01149,0.02461,0.05688,0.01885,0.01756,0.005115,22.54,16.67,152.2,1575.0,0.1374,0.205,0.4,0.1625,0.2364,0.07678
M,12.45,15.7,82.57,477.1,0.1278,0.17,0.1578,0.08089,0.2087,0.07613,0.3345,0.8902,2.217,27.19,0.00751,0.03345,0.03672,0.01137,0.02165,0.005082,15.47,23.75,103.4,741.6,0.1791,0.5249,0.5355,0.1741,0.3985,0.1244
M,18.25,19.98,119.6,1040.0,0.09463,0.109,0.1127,0.074,0.1794,0.05742,0.4467,0.7732,3.18,53.91,0.004314,0.01382,0.02254,0.01039,0.01369,0.002179,22.88,27.66,153.2,1606.0,0.1442,0.2576,0.3784,0.1932,0.3063,0.08368
M,13.71,20.83,90.2,577.9,0.1189,0.1645,0.09366,0.05985,0.2196,0.07451,0.5835,1.377,3.856,50.96,0.008805,0.03029,0.02488,0.01448,0.01486,0.005412,17.06,28.14,110.6,897.0,0.1654,0.3682,0.2678,0.1556,0.3196,0.1151
M,13.0,21.82,87.5,519.8,0.1273,0.1932,0.1859,0.09353,0.235,0.07389,0.3063,1.002,2.406,24.32,0.005731,0.03502,0.03553,0.01226,0.02143,0.003749,15.49,30.73,106.2,739.3,0.1703,0.5401,0.539,0.206,0.4378,0.1072
M,12.46,24.04,83.97,475.9,0.1186,0.2396,0.2273,0.08543,0.203,0.08243,0.2976,1.599,2.039,23.94,0.007149,0.07217,0.07743,0.01432,0.01789,0.01008,15.09,40.68,97.65,711.4,0.1853,1.058,1.105,0.221,0.4366,0.2075
M,16.02,23.24,102.7,797.8,0.08206,0.06669,0.03299,0.03323,0.1528,0.05697,0.3795,1.187,2.466,40.51,0.004029,0.009269,0.01101,0.007591,0.0146,0.003042,19.19,33.88,123.8,1150.0,0.1181,0.1551,0.1459,0.09975,0.2948,0.08452
M,15.78,17.89,103.6,781.0,0.0971,0.1292,0.09954,0.06606,0.1842,0.06082,0.5058,0.9849,3.564,54.16,0.005771,0.04061,0.02791,0.01282,0.02008,0.004144,20.42,27.28,136.5,1299.0,0.1396,0.5609,0.3965,0.181,0.3792,0.1048
M,19.17,24.8,132.4,1123.0,0.0974,0.2458,0.2065,0.1118,0.2397,0.078,0.9555,3.568,11.07,116.2,0.003139,0.08297,0.0889,0.0409,0.04484,0.01284,20.96,29.94,151.7,1332.0,0.1037,0.3903,0.3639,0.1767,0.3176,0.1023
M,15.85,23.95,103.7,782.7,0.08401,0.1002,0.09938,0.05364,0.1847,0.05338,0.4033,1.078,2.903,36.58,0.009769,0.03126,0.05051,0.01992,0.02981,0.003002,16.84,27.66,112.0,876.5,0.1131,0.1924,0.2322,0.1119,0.2809,0.06287
M,13.73,22.61,93.6,578.3,0.1131,0.2293,0.2128,0.08025,0.2069,0.07682,0.2121,1.169,2.061,19.21,0.006429,0.05936,0.05501,0.01628,0.01961,0.008093,15.03,32.01,108.8,697.7,0.1651,0.7725,0.6943,0.2208,0.3596,0.1431
M,14.54,27.54,96.73,658.8,0.1139,0.1595,0.1639,0.07364,0.2303,0.07077,0.37,1.033,2.879,32.55,0.005607,0.0424,0.04741,0.0109,0.01857,0.005466,17.46,37.13,124.1,943.2,0.1678,0.6577,0.7026,0.1712,0.4218,0.1341
M,14.68,20.13,94.74,684.5,0.09867,0.072,0.07395,0.05259,0.1586,0.05922,0.4727,1.24,3.195,45.4,0.005718,0.01162,0.01998,0.01109,0.0141,0.002085,19.07,30.88,123.4,1138.0,0.1464,0.1871,0.2914,0.1609,0.3029,0.08216
M,16.13,20.68,108.1,798.8,0.117,0.2022,0.1722,0.1028,0.2164,0.07356,0.5692,1.073,3.854,54.18,0.007026,0.02501,0.03188,0.01297,0.01689,0.004142,20.96,31.48,136.8,1315.0,0.1789,0.4233,0.4784,0.2073,0.3706,0.1142
M,19.81,22.15,130.0,1260.0,0.09831,0.1027,0.1479,0.09498,0.1582,0.05395,0.7582,1.017,5.865,112.4,0.006494,0.01893,0.03391,0.01521,0.01356,0.001997,27.32,30.88,186.8,2398.0,0.1512,0.315,0.5372,0.2388,0.2768,0.07615
B,13.54,14.36,87.46,566.3,0.09779,0.08129,0.06664,0.04781,0.1885,0.05766,0.2699,0.7886,2.058,23.56,0.008462,0.0146,0.02387,0.01315,0.0198,0.0023,15.11,19.26,99.7,711.2,0.144,0.1773,0.239,0.1288,0.2977,0.07259
B,13.08,15.71,85.63,520.0,0.1075,0.127,0.04568,0.0311,0.1967,0.06811,0.1852,0.7477,1.383,14.67,0.004097,0.01898,0.01698,0.00649,0.01678,0.002425,14.5,20.49,96.09,630.5,0.1312,0.2776,0.189,0.07283,0.3184,0.08183
B,9.504,12.44,60.34,273.9,0.1024,0.06492,0.02956,0.02076,0.1815,0.06905,0.2773,0.9768,1.909,15.7,0.009606,0.01432,0.01985,0.01421,0.02027,0.002968,10.23,15.66,65.13,314.9,0.1324,0.1148,0.08867,0.06227,0.245,0.07773
M,15.34,14.26,102.5,704.4,0.1073,0.2135,0.2077,0.09756,0.2521,0.07032,0.4388,0.7096,3.384,44.91,0.006789,0.05328,0.06446,0.02252,0.03672,0.004394,18.07,19.08,125.1,980.9,0.139,0.5954,0.6305,0.2393,0.4667,0.09946
M,21.16,23.04,137.2,1404.0,0.09428,0.1022,0.1097,0.08632,0.1769,0.05278,0.6917,1.127,4.303,93.99,0.004728,0.01259,0.01715,0.01038,0.01083,0.001987,29.17,35.59,188.0,2615.0,0.1401,0.26,0.3155,0.2009,0.2822,0.07526
M,16.65,21.38,110.0,904.6,0.1121,0.1457,0.1525,0.0917,0.1995,0.0633,0.8068,0.9017,5.455,102.6,0.006048,0.01882,0.02741,0.0113,0.01468,0.002801,26.46,31.56,177.0,2215.0,0.1805,0.3578,0.4695,0.2095,0.3613,0.09564
M,17.14,16.4,116.0,912.7,0.1186,0.2276,0.2229,0.1401,0.304,0.07413,1.046,0.976,7.276,111.4,0.008029,0.03799,0.03732,0.02397,0.02308,0.007444,22.25,21.4,152.4,1461.0,0.1545,0.3949,0.3853,0.255,0.4066,0.1059
M,14.58,21.53,97.41,644.8,0.1054,0.1868,0.1425,0.08783,0.2252,0.06924,0.2545,0.9832,2.11,21.05,0.004452,0.03055,0.02681,0.01352,0.01454,0.003711,17.62,33.21,122.4,896.9,0.1525,0.6643,0.5539,0.2701,0.4264,0.1275
M,18.61,20.25,122.1,1094.0,0.0944,0.1066,0.149,0.07731,0.1697,0.05699,0.8529,1.849,5.632,93.54,0.01075,0.02722,0.05081,0.01911,0.02293,0.004217,21.31,27.26,139.9,1403.0,0.1338,0.2117,0.3446,0.149,0.2341,0.07421
M,15.3,25.27,102.4,732.4,0.1082,0.1697,0.1683,0.08751,0.1926,0.0654,0.439,1.012,3.498,43.5,0.005233,0.03057,0.03576,0.01083,0.01768,0.002967,20.27,36.71,149.3,1269.0,0.1641,0.611,0.6335,0.2024,0.4027,0.09876
M,17.57,15.05,115.0,955.1,0.09847,0.1157,0.09875,0.07953,0.1739,0.06149,0.6003,0.8225,4.655,61.1,0.005627,0.03033,0.03407,0.01354,0.01925,0.003742,20.01,19.52,134.9,1227.0,0.1255,0.2812,0.2489,0.1456,0.2756,0.07919
M,18.63,25.11,124.8,1088.0,0.1064,0.1887,0.2319,0.1244,0.2183,0.06197,0.8307,1.466,5.574,105.0,0.006248,0.03374,0.05196,0.01158,0.02007,0.00456,23.15,34.01,160.5,1670.0,0.1491,0.4257,0.6133,0.1848,0.3444,0.09782
M,11.84,18.7,77.93,440.6,0.1109,0.1516,0.1218,0.05182,0.2301,0.07799,0.4825,1.03,3.475,41.0,0.005551,0.03414,0.04205,0.01044,0.02273,0.005667,16.82,28.12,119.4,888.7,0.1637,0.5775,0.6956,0.1546,0.4761,0.1402
M,17.02,23.98,112.8,899.3,0.1197,0.1496,0.2417,0.1203,0.2248,0.06382,0.6009,1.398,3.999,67.78,0.008268,0.03082,0.05042,0.01112,0.02102,0.003854,20.88,32.09,136.1,1344.0,0.1634,0.3559,0.5588,0.1847,0.353,0.08482
M,19.27,26.47,127.9,1162.0,0.09401,0.1719,0.1657,0.07593,0.1853,0.06261,0.5558,0.6062,3.528,68.17,0.005015,0.03318,0.03497,0.009643,0.01543,0.003896,24.15,30.9,161.4,1813.0,0.1509,0.659,0.6091,0.1785,0.3672,0.1123
M,16.13,17.88,107.0,807.2,0.104,0.1559,0.1354,0.07752,0.1998,0.06515,0.334,0.6857,2.183,35.03,0.004185,0.02868,0.02664,0.009067,0.01703,0.003817,20.21,27.26,132.7,1261.0,0.1446,0.5804,0.5274,0.1864,0.427,0.1233
M,16.74,21.59,110.1,869.5,0.0961,0.1336,0.1348,0.06018,0.1896,0.05656,0.4615,0.9197,3.008,45.19,0.005776,0.02499,0.03695,0.01195,0.02789,0.002665,20.01,29.02,133.5,1229.0,0.1563,0.3835,0.5409,0.1813,0.4863,0.08633
M,14.25,21.72,93.63,633.0,0.09823,0.1098,0.1319,0.05598,0.1885,0.06125,0.286,1.019,2.657,24.91,0.005878,0.02995,0.04815,0.01161,0.02028,0.004022,15.89,30.36,116.2,799.6,0.1446,0.4238,0.5186,0.1447,0.3591,0.1014
B,13.03,18.42,82.61,523.8,0.08983,0.03766,0.02562,0.02923,0.1467,0.05863,0.1839,2.342,1.17,14.16,0.004352,0.004899,0.01343,0.01164,0.02671,0.001777,13.3,22.81,84.46,545.9,0.09701,0.04619,0.04833,0.05013,0.1987,0.06169
M,14.99,25.2,95.54,698.8,0.09387,0.05131,0.02398,0.02899,0.1565,0.05504,1.214,2.188,8.077,106.0,0.006883,0.01094,0.01818,0.01917,0.007882,0.001754,14.99,25.2,95.54,698.8,0.09387,0.05131,0.02398,0.02899,0.1565,0.05504
M,13.48,20.82,88.4,559.2,0.1016,0.1255,0.1063,0.05439,0.172,0.06419,0.213,0.5914,1.545,18.52,0.005367,0.02239,0.03049,0.01262,0.01377,0.003187,15.53,26.02,107.3,740.4,0.161,0.4225,0.503,0.2258,0.2807,0.1071
M,13.44,21.58,86.18,563.0,0.08162,0.06031,0.0311,0.02031,0.1784,0.05587,0.2385,0.8265,1.572,20.53,0.00328,0.01102,0.0139,0.006881,0.0138,0.001286,15.93,30.25,102.5,787.9,0.1094,0.2043,0.2085,0.1112,0.2994,0.07146
M,10.95,21.35,71.9,371.1,0.1227,0.1218,0.1044,0.05669,0.1895,0.0687,0.2366,1.428,1.822,16.97,0.008064,0.01764,0.02595,0.01037,0.01357,0.00304,12.84,35.34,87.22,514.0,0.1909,0.2698,0.4023,0.1424,0.2964,0.09606
M,19.07,24.81,128.3,1104.0,0.09081,0.219,0.2107,0.09961,0.231,0.06343,0.9811,1.666,8.83,104.9,0.006548,0.1006,0.09723,0.02638,0.05333,0.007646,24.09,33.17,177.4,1651.0,0.1247,0.7444,0.7242,0.2493,0.467,0.1038
M,13.28,20.28,87.32,545.2,0.1041,0.1436,0.09847,0.06158,0.1974,0.06782,0.3704,0.8249,2.427,31.33,0.005072,0.02147,0.02185,0.00956,0.01719,0.003317,17.38,28.0,113.1,907.2,0.153,0.3724,0.3664,0.1492,0.3739,0.1027
M,13.17,21.81,85.42,531.5,0.09714,0.1047,0.08259,0.05252,0.1746,0.06177,0.1938,0.6123,1.334,14.49,0.00335,0.01384,0.01452,0.006853,0.01113,0.00172,16.23,29.89,105.5,740.7,0.1503,0.3904,0.3728,0.1607,0.3693,0.09618
M,18.65,17.6,123.7,1076.0,0.1099,0.1686,0.1974,0.1009,0.1907,0.06049,0.6289,0.6633,4.293,71.56,0.006294,0.03994,0.05554,0.01695,0.02428,0.003535,22.82,21.32,150.6,1567.0,0.1679,0.509,0.7345,0.2378,0.3799,0.09185
B,8.196,16.84,51.71,201.9,0.086,0.05943,0.01588,0.005917,0.1769,0.06503,0.1563,0.9567,1.094,8.205,0.008968,0.01646,0.01588,0.005917,0.02574,0.002582,8.964,21.96,57.26,242.2,0.1297,0.1357,0.0688,0.02564,0.3105,0.07409
M,13.17,18.66,85.98,534.6,0.1158,0.1231,0.1226,0.0734,0.2128,0.06777,0.2871,0.8937,1.897,24.25,0.006532,0.02336,0.02905,0.01215,0.01743,0.003643,15.67,27.95,102.8,759.4,0.1786,0.4166,0.5006,0.2088,0.39,0.1179
B,12.05,14.63,78.04,449.3,0.1031,0.09092,0.06592,0.02749,0.1675,0.06043,0.2636,0.7294,1.848,19.87,0.005488,0.01427,0.02322,0.00566,0.01428,0.002422,13.76,20.7,89.88,582.6,0.1494,0.2156,0.305,0.06548,0.2747,0.08301
B,13.49,22.3,86.91,561.0,0.08752,0.07698,0.04751,0.03384,0.1809,0.05718,0.2338,1.353,1.735,20.2,0.004455,0.01382,0.02095,0.01184,0.01641,0.001956,15.15,31.82,99.0,698.8,0.1162,0.1711,0.2282,0.1282,0.2871,0.06917
B,11.76,21.6,74.72,427.9,0.08637,0.04966,0.01657,0.01115,0.1495,0.05888,0.4062,1.21,2.635,28.47,0.005857,0.009758,0.01168,0.007445,0.02406,0.001769,12.98,25.72,82.98,516.5,0.1085,0.08615,0.05523,0.03715,0.2433,0.06563
B,13.64,16.34,87.21,571.8,0.07685,0.06059,0.01857,0.01723,0.1353,0.05953,0.1872,0.9234,1.449,14.55,0.004477,0.01177,0.01079,0.007956,0.01325,0.002551,14.67,23.19,96.08,656.7,0.1089,0.1582,0.105,0.08586,0.2346,0.08025
B,11.94,18.24,75.71,437.6,0.08261,0.04751,0.01972,0.01349,0.1868,0.0611,0.2273,0.6329,1.52,17.47,0.00721,0.00838,0.01311,0.008,0.01996,0.002635,13.1,21.33,83.67,527.2,0.1144,0.08906,0.09203,0.06296,0.2785,0.07408
M,18.22,18.7,120.3,1033.0,0.1148,0.1485,0.1772,0.106,0.2092,0.0631,0.8337,1.593,4.877,98.81,0.003899,0.02961,0.02817,0.009222,0.02674,0.005126,20.6,24.13,135.1,1321.0,0.128,0.2297,0.2623,0.1325,0.3021,0.07987
M,15.1,22.02,97.26,712.8,0.09056,0.07081,0.05253,0.03334,0.1616,0.05684,0.3105,0.8339,2.097,29.91,0.004675,0.0103,0.01603,0.009222,0.01095,0.001629,18.1,31.69,117.7,1030.0,0.1389,0.2057,0.2712,0.153,0.2675,0.07873
B,11.52,18.75,73.34,409.0,0.09524,0.05473,0.03036,0.02278,0.192,0.05907,0.3249,0.9591,2.183,23.47,0.008328,0.008722,0.01349,0.00867,0.03218,0.002386,12.84,22.47,81.81,506.2,0.1249,0.0872,0.09076,0.06316,0.3306,0.07036
M,19.21,18.57,125.5,1152.0,0.1053,0.1267,0.1323,0.08994,0.1917,0.05961,0.7275,1.193,4.837,102.5,0.006458,0.02306,0.02945,0.01538,0.01852,0.002608,26.14,28.14,170.1,2145.0,0.1624,0.3511,0.3879,0.2091,0.3537,0.08294
M,14.71,21.59,95.55,656.9,0.1137,0.1365,0.1293,0.08123,0.2027,0.06758,0.4226,1.15,2.735,40.09,0.003659,0.02855,0.02572,0.01272,0.01817,0.004108,17.87,30.7,115.7,985.5,0.1368,0.429,0.3587,0.1834,0.3698,0.1094
B,13.05,19.31,82.61,527.2,0.0806,0.03789,0.000692,0.004167,0.1819,0.05501,0.404,1.214,2.595,32.96,0.007491,0.008593,0.000692,0.004167,0.0219,0.00299,14.23,22.25,90.24,624.1,0.1021,0.06191,0.001845,0.01111,0.2439,0.06289
